"","Cluster","Sample","ClusterSize"
"AAGCCATGTTATGTGC-1",89,"S2",13
"ACGTCCTGTGCCCTTT-1",118,"S2",10
"ACGGAAGTCTACCTTA-1",117,"S2",8
"AATGACCAGAGCACTG-1",127,"S2",7
"ACGCACGGTAATACCC-1",120,"S2",6
"CACTGAATCTGGACTA-1",115,"S2",6
"AATGGCTCACGGGTAA-1",124,"S2",5
"AGTCATGGTTCTCTAT-1",157,"S2",5
"ATCCCTGCATCTCGTC-1",123,"S2",4
"CCATCACTCAGTCATG-1",132,"S2",4
"CAGGCCAGTTCCAGGC-1",105,"S2",3
"CGGACACAGCTCCGAC-1",112,"S2",3
"CGGGACTTCCGGACTG-1",136,"S2",3
"ACAAAGATCACCCTGT-1",134,"S2",2
"ACGGGTCAGGCGAACT-1",133,"S2",2
"ATCACGACATAGACTC-1",137,"S2",2
"CAACGGCGTACTGGGA-1",91,"S2",2
"CATGCCTTCCCAATAG-1",147,"S2",2
"CATTGTTGTCCACTTC-1",139,"S2",2
"CCTCAACGTCACGTGC-1",114,"S2",2
"CCTCACACACCTTCGT-1",116,"S2",2
"CGCAGGTTCCGCACTT-1",109,"S2",2
"GACACGCCAGATAAAC-1",103,"S2",2
"TCACACCGTGTATTCG-1",135,"S2",2
"AACAAAGAGCTAGATA-1",101,"S2",1
"AACACACTCGGTAAGG-1",152,"S2",1
"ACCATTTTCATATGGC-1",142,"S2",1
"ACCTACCGTAACACCT-1",125,"S2",1
"ACCTGTCCATGAAGGC-1",159,"S2",1
"ACTGCAAGTAATGCTC-1",122,"S2",1
"AGTAGTCGTACGACAG-1",130,"S2",1
"AGTCAACCATTCTCTA-1",100,"S2",1
"ATAGGCTAGGTCGTCC-1",155,"S2",1
"ATAGGCTCAATTCACG-1",143,"S2",1
"ATCGTAGGTCCTCAGG-1",106,"S2",1
"CACAGGCTCAACCTCC-1",97,"S2",1
"CACTAAGAGCGATCGA-1",145,"S2",1
"CAGCGTGTCGGACTGC-1",148,"S2",1
"CATTCTAAGGCGCTCT-1",104,"S2",1
"CCCTTAGTCGCTTGCT-1",119,"S2",1
"CCTCCTCGTCGCTTGG-1",154,"S2",1
"CGAGTGCAGCATCGAG-1",107,"S2",1
"CGAGTGCCACGTTCGG-1",153,"S2",1
"CGCATAAGTGTCCACG-1",102,"S2",1
"CGCCAGAAGGACTTCT-1",96,"S2",1
"CGGGCATCACCGTACG-1",131,"S2",1
"CTCATGCTCGCCTTTG-1",90,"S2",1
"CTCCACATCTTCCCAG-1",121,"S2",1
"CTGCATCTCTCCGATC-1",126,"S2",1
"CTTAGGAGTTAAGGAT-1",108,"S2",1
"GAGACCCAGAGCTTTC-1",141,"S2",1
"GATTCTTAGCCTGTCG-1",151,"S2",1
"GCCAACGTCCGTGGGT-1",92,"S2",1
"GGAGCAACAGAGTTCT-1",158,"S2",1
"GGCTTTCCACGCGTGT-1",110,"S2",1
"GGGCTCATCCTACTGC-1",138,"S2",1
"GGTAACTAGGCCTTGC-1",128,"S2",1
"GTAGAGGGTTTCGTAG-1",93,"S2",1
"GTCCTCAAGACGGTCA-1",111,"S2",1
"GTCTTTATCCTGCTAC-1",140,"S2",1
"TAACTTCTCGGCTTGG-1",156,"S2",1
"TACGCTCAGCAACCAG-1",94,"S2",1
"TACGTCCTCCTCTTTC-1",113,"S2",1
"TACTTCAGTCCGGACT-1",144,"S2",1
"TCACAAGGTATACGGG-1",129,"S2",1
"TCTATCAAGCCATTGT-1",95,"S2",1
"TGCAGTAGTCAGACGA-1",98,"S2",1
"TGCGACGCACGGATCC-1",150,"S2",1
"TGGGCTGAGGAACTCG-1",146,"S2",1
"TTCTAACAGCGGCTCT-1",99,"S2",1
"TTGATGGCATACTTTC-1",149,"S2",1
